backbone,category,n_fit,seed,alpha_ok,false_alarm_rate,miss_rate,unsure_rate,unsure_rate_good,unsure_rate_defect,accuracy_on_decided
dinov2_s,bottle,167,0,0.05,0.05,0.0,0.0,0.0,0.0,0.9879518072289156
dinov2_s,bottle,167,0,0.1,0.05,0.0,0.012048192771084338,0.05,0.0,0.9878048780487805
dinov2_s,bottle,167,0,0.15,0.05,0.0,0.024096385542168676,0.1,0.0,0.9876543209876543
dinov2_s,bottle,167,0,0.2,0.05,0.0,0.024096385542168676,0.1,0.0,0.9876543209876543
dinov2_s,bottle,167,0,0.25,0.05,0.0,0.024096385542168676,0.1,0.0,0.9876543209876543
dinov2_s,bottle,167,0,0.3,0.05,0.0,0.024096385542168676,0.1,0.0,0.9876543209876543
dinov2_s,bottle,167,0,0.35,0.05,0.0,0.03614457831325301,0.15,0.0,0.9875
dinov2_s,bottle,167,0,0.4,0.05,0.0,0.0963855421686747,0.4,0.0,0.9866666666666667
dinov2_s,bottle,167,0,0.45,0.05,0.0,0.10843373493975904,0.45,0.0,0.9864864864864865
dinov2_s,bottle,167,0,0.5,0.05,0.0,0.13253012048192772,0.55,0.0,0.9861111111111112
dinov2_s,bottle,167,0,0.55,0.05,0.0,0.14457831325301204,0.6,0.0,0.9859154929577465
dinov2_s,bottle,167,0,0.6,0.05,0.0,0.14457831325301204,0.6,0.0,0.9859154929577465
dinov2_s,bottle,167,1,0.05,0.1,0.0,0.0,0.0,0.0,0.9759036144578314
dinov2_s,bottle,167,1,0.1,0.1,0.0,0.0,0.0,0.0,0.9759036144578314
dinov2_s,bottle,167,1,0.15,0.1,0.0,0.012048192771084338,0.05,0.0,0.975609756097561
dinov2_s,bottle,167,1,0.2,0.1,0.0,0.012048192771084338,0.05,0.0,0.975609756097561
dinov2_s,bottle,167,1,0.25,0.1,0.0,0.012048192771084338,0.05,0.0,0.975609756097561
dinov2_s,bottle,167,1,0.3,0.1,0.0,0.012048192771084338,0.05,0.0,0.975609756097561
dinov2_s,bottle,167,1,0.35,0.1,0.0,0.012048192771084338,0.05,0.0,0.975609756097561
dinov2_s,bottle,167,1,0.4,0.1,0.0,0.03614457831325301,0.15,0.0,0.975
dinov2_s,bottle,167,1,0.45,0.1,0.0,0.060240963855421686,0.25,0.0,0.9743589743589743
dinov2_s,bottle,167,1,0.5,0.1,0.0,0.08433734939759036,0.35,0.0,0.9736842105263158
dinov2_s,bottle,167,1,0.55,0.1,0.0,0.08433734939759036,0.35,0.0,0.9736842105263158
dinov2_s,bottle,167,1,0.6,0.1,0.0,0.10843373493975904,0.45,0.0,0.972972972972973
dinov2_s,bottle,167,2,0.05,0.1,0.0,0.0,0.0,0.0,0.9759036144578314
dinov2_s,bottle,167,2,0.1,0.1,0.0,0.012048192771084338,0.05,0.0,0.975609756097561
dinov2_s,bottle,167,2,0.15,0.1,0.0,0.012048192771084338,0.05,0.0,0.975609756097561
dinov2_s,bottle,167,2,0.2,0.1,0.0,0.012048192771084338,0.05,0.0,0.975609756097561
dinov2_s,bottle,167,2,0.25,0.1,0.0,0.012048192771084338,0.05,0.0,0.975609756097561
dinov2_s,bottle,167,2,0.3,0.1,0.0,0.012048192771084338,0.05,0.0,0.975609756097561
dinov2_s,bottle,167,2,0.35,0.1,0.0,0.012048192771084338,0.05,0.0,0.975609756097561
dinov2_s,bottle,167,2,0.4,0.1,0.0,0.03614457831325301,0.15,0.0,0.975
dinov2_s,bottle,167,2,0.45,0.1,0.0,0.0963855421686747,0.4,0.0,0.9733333333333334
dinov2_s,bottle,167,2,0.5,0.1,0.0,0.10843373493975904,0.45,0.0,0.972972972972973
dinov2_s,bottle,167,2,0.55,0.1,0.0,0.12048192771084337,0.5,0.0,0.9726027397260274
dinov2_s,bottle,167,2,0.6,0.1,0.0,0.12048192771084337,0.5,0.0,0.9726027397260274
dinov2_s,bottle,167,3,0.05,0.05,0.0,0.0,0.0,0.0,0.9879518072289156
dinov2_s,bottle,167,3,0.1,0.05,0.0,0.0,0.0,0.0,0.9879518072289156
dinov2_s,bottle,167,3,0.15,0.05,0.0,0.024096385542168676,0.1,0.0,0.9876543209876543
dinov2_s,bottle,167,3,0.2,0.05,0.0,0.024096385542168676,0.1,0.0,0.9876543209876543
dinov2_s,bottle,167,3,0.25,0.05,0.0,0.024096385542168676,0.1,0.0,0.9876543209876543
dinov2_s,bottle,167,3,0.3,0.05,0.0,0.04819277108433735,0.2,0.0,0.9873417721518988
dinov2_s,bottle,167,3,0.35,0.05,0.0,0.0963855421686747,0.4,0.0,0.9866666666666667
dinov2_s,bottle,167,3,0.4,0.05,0.0,0.13253012048192772,0.55,0.0,0.9861111111111112
dinov2_s,bottle,167,3,0.45,0.05,0.0,0.13253012048192772,0.55,0.0,0.9861111111111112
dinov2_s,bottle,167,3,0.5,0.05,0.0,0.14457831325301204,0.6,0.0,0.9859154929577465
dinov2_s,bottle,167,3,0.55,0.05,0.0,0.14457831325301204,0.6,0.0,0.9859154929577465
dinov2_s,bottle,167,3,0.6,0.05,0.0,0.14457831325301204,0.6,0.0,0.9859154929577465
dinov2_s,bottle,167,4,0.05,0.1,0.0,0.0,0.0,0.0,0.9759036144578314
dinov2_s,bottle,167,4,0.1,0.1,0.0,0.0,0.0,0.0,0.9759036144578314
dinov2_s,bottle,167,4,0.15,0.1,0.0,0.012048192771084338,0.05,0.0,0.975609756097561
dinov2_s,bottle,167,4,0.2,0.1,0.0,0.012048192771084338,0.05,0.0,0.975609756097561
dinov2_s,bottle,167,4,0.25,0.1,0.0,0.012048192771084338,0.05,0.0,0.975609756097561
dinov2_s,bottle,167,4,0.3,0.1,0.0,0.012048192771084338,0.05,0.0,0.975609756097561
dinov2_s,bottle,167,4,0.35,0.1,0.0,0.024096385542168676,0.1,0.0,0.9753086419753086
dinov2_s,bottle,167,4,0.4,0.1,0.0,0.03614457831325301,0.15,0.0,0.975
dinov2_s,bottle,167,4,0.45,0.1,0.0,0.07228915662650602,0.3,0.0,0.974025974025974
dinov2_s,bottle,167,4,0.5,0.1,0.0,0.07228915662650602,0.3,0.0,0.974025974025974
dinov2_s,bottle,167,4,0.55,0.1,0.0,0.07228915662650602,0.3,0.0,0.974025974025974
dinov2_s,bottle,167,4,0.6,0.1,0.0,0.0963855421686747,0.4,0.0,0.9733333333333334
dinov2_s,metal_nut,176,0,0.05,0.18181818181818182,0.021505376344086023,0.0,0.0,0.0,0.9478260869565217
dinov2_s,metal_nut,176,0,0.1,0.18181818181818182,0.021505376344086023,0.008695652173913044,0.045454545454545456,0.0,0.9473684210526315
dinov2_s,metal_nut,176,0,0.15,0.18181818181818182,0.021505376344086023,0.008695652173913044,0.045454545454545456,0.0,0.9473684210526315
dinov2_s,metal_nut,176,0,0.2,0.18181818181818182,0.0,0.043478260869565216,0.13636363636363635,0.021505376344086023,0.9636363636363636
dinov2_s,metal_nut,176,0,0.25,0.18181818181818182,0.0,0.05217391304347826,0.18181818181818182,0.021505376344086023,0.963302752293578
dinov2_s,metal_nut,176,0,0.3,0.18181818181818182,0.0,0.05217391304347826,0.18181818181818182,0.021505376344086023,0.963302752293578
dinov2_s,metal_nut,176,0,0.35,0.18181818181818182,0.0,0.06956521739130435,0.2727272727272727,0.021505376344086023,0.9626168224299065
dinov2_s,metal_nut,176,0,0.4,0.18181818181818182,0.0,0.08695652173913043,0.36363636363636365,0.021505376344086023,0.9619047619047619
dinov2_s,metal_nut,176,0,0.45,0.18181818181818182,0.0,0.08695652173913043,0.36363636363636365,0.021505376344086023,0.9619047619047619
dinov2_s,metal_nut,176,0,0.5,0.18181818181818182,0.0,0.10434782608695652,0.45454545454545453,0.021505376344086023,0.9611650485436893
dinov2_s,metal_nut,176,0,0.55,0.18181818181818182,0.0,0.12173913043478261,0.5454545454545454,0.021505376344086023,0.9603960396039604
dinov2_s,metal_nut,176,0,0.6,0.18181818181818182,0.0,0.1391304347826087,0.6363636363636364,0.021505376344086023,0.9595959595959596
dinov2_s,metal_nut,176,1,0.05,0.0,0.043010752688172046,0.0,0.0,0.0,0.9652173913043478
dinov2_s,metal_nut,176,1,0.1,0.0,0.0,0.08695652173913043,0.2727272727272727,0.043010752688172046,1.0
dinov2_s,metal_nut,176,1,0.15,0.0,0.0,0.09565217391304348,0.3181818181818182,0.043010752688172046,1.0
dinov2_s,metal_nut,176,1,0.2,0.0,0.0,0.09565217391304348,0.3181818181818182,0.043010752688172046,1.0
dinov2_s,metal_nut,176,1,0.25,0.0,0.0,0.09565217391304348,0.3181818181818182,0.043010752688172046,1.0
dinov2_s,metal_nut,176,1,0.3,0.0,0.0,0.10434782608695652,0.36363636363636365,0.043010752688172046,1.0
dinov2_s,metal_nut,176,1,0.35,0.0,0.0,0.11304347826086956,0.4090909090909091,0.043010752688172046,1.0
dinov2_s,metal_nut,176,1,0.4,0.0,0.0,0.12173913043478261,0.45454545454545453,0.043010752688172046,1.0
dinov2_s,metal_nut,176,1,0.45,0.0,0.0,0.12173913043478261,0.45454545454545453,0.043010752688172046,1.0
dinov2_s,metal_nut,176,1,0.5,0.0,0.0,0.12173913043478261,0.45454545454545453,0.043010752688172046,1.0
dinov2_s,metal_nut,176,1,0.55,0.0,0.0,0.16521739130434782,0.6818181818181818,0.043010752688172046,1.0
dinov2_s,metal_nut,176,1,0.6,0.0,0.0,0.16521739130434782,0.6818181818181818,0.043010752688172046,1.0
dinov2_s,metal_nut,176,2,0.05,0.09090909090909091,0.03225806451612903,0.0,0.0,0.0,0.9565217391304348
dinov2_s,metal_nut,176,2,0.1,0.09090909090909091,0.0,0.05217391304347826,0.13636363636363635,0.03225806451612903,0.981651376146789
dinov2_s,metal_nut,176,2,0.15,0.09090909090909091,0.0,0.06086956521739131,0.18181818181818182,0.03225806451612903,0.9814814814814815
dinov2_s,metal_nut,176,2,0.2,0.09090909090909091,0.0,0.0782608695652174,0.2727272727272727,0.03225806451612903,0.9811320754716981
dinov2_s,metal_nut,176,2,0.25,0.09090909090909091,0.0,0.10434782608695652,0.4090909090909091,0.03225806451612903,0.9805825242718447
dinov2_s,metal_nut,176,2,0.3,0.09090909090909091,0.0,0.11304347826086956,0.45454545454545453,0.03225806451612903,0.9803921568627451
dinov2_s,metal_nut,176,2,0.35,0.09090909090909091,0.0,0.11304347826086956,0.45454545454545453,0.03225806451612903,0.9803921568627451
dinov2_s,metal_nut,176,2,0.4,0.09090909090909091,0.0,0.11304347826086956,0.45454545454545453,0.03225806451612903,0.9803921568627451
dinov2_s,metal_nut,176,2,0.45,0.09090909090909091,0.0,0.11304347826086956,0.45454545454545453,0.03225806451612903,0.9803921568627451
dinov2_s,metal_nut,176,2,0.5,0.09090909090909091,0.0,0.12173913043478261,0.5,0.03225806451612903,0.9801980198019802
dinov2_s,metal_nut,176,2,0.55,0.09090909090909091,0.0,0.1391304347826087,0.5909090909090909,0.03225806451612903,0.9797979797979798
dinov2_s,metal_nut,176,2,0.6,0.09090909090909091,0.0,0.1391304347826087,0.5909090909090909,0.03225806451612903,0.9797979797979798
dinov2_s,metal_nut,176,3,0.05,0.09090909090909091,0.010752688172043012,0.0,0.0,0.0,0.9739130434782609
dinov2_s,metal_nut,176,3,0.1,0.09090909090909091,0.0,0.043478260869565216,0.18181818181818182,0.010752688172043012,0.9818181818181818
dinov2_s,metal_nut,176,3,0.15,0.09090909090909091,0.0,0.06086956521739131,0.2727272727272727,0.010752688172043012,0.9814814814814815
dinov2_s,metal_nut,176,3,0.2,0.09090909090909091,0.0,0.06956521739130435,0.3181818181818182,0.010752688172043012,0.9813084112149533
dinov2_s,metal_nut,176,3,0.25,0.09090909090909091,0.0,0.06956521739130435,0.3181818181818182,0.010752688172043012,0.9813084112149533
dinov2_s,metal_nut,176,3,0.3,0.09090909090909091,0.0,0.06956521739130435,0.3181818181818182,0.010752688172043012,0.9813084112149533
dinov2_s,metal_nut,176,3,0.35,0.09090909090909091,0.0,0.06956521739130435,0.3181818181818182,0.010752688172043012,0.9813084112149533
dinov2_s,metal_nut,176,3,0.4,0.09090909090909091,0.0,0.0782608695652174,0.36363636363636365,0.010752688172043012,0.9811320754716981
dinov2_s,metal_nut,176,3,0.45,0.09090909090909091,0.0,0.10434782608695652,0.5,0.010752688172043012,0.9805825242718447
dinov2_s,metal_nut,176,3,0.5,0.09090909090909091,0.0,0.11304347826086956,0.5454545454545454,0.010752688172043012,0.9803921568627451
dinov2_s,metal_nut,176,3,0.55,0.09090909090909091,0.0,0.12173913043478261,0.5909090909090909,0.010752688172043012,0.9801980198019802
dinov2_s,metal_nut,176,3,0.6,0.09090909090909091,0.0,0.16521739130434782,0.8181818181818182,0.010752688172043012,0.9791666666666666
dinov2_s,metal_nut,176,4,0.05,0.13636363636363635,0.021505376344086023,0.0,0.0,0.0,0.9565217391304348
dinov2_s,metal_nut,176,4,0.1,0.13636363636363635,0.0,0.02608695652173913,0.045454545454545456,0.021505376344086023,0.9732142857142857
dinov2_s,metal_nut,176,4,0.15,0.13636363636363635,0.0,0.05217391304347826,0.18181818181818182,0.021505376344086023,0.9724770642201835
dinov2_s,metal_nut,176,4,0.2,0.13636363636363635,0.0,0.06086956521739131,0.22727272727272727,0.021505376344086023,0.9722222222222222
dinov2_s,metal_nut,176,4,0.25,0.13636363636363635,0.0,0.06086956521739131,0.22727272727272727,0.021505376344086023,0.9722222222222222
dinov2_s,metal_nut,176,4,0.3,0.13636363636363635,0.0,0.06086956521739131,0.22727272727272727,0.021505376344086023,0.9722222222222222
dinov2_s,metal_nut,176,4,0.35,0.13636363636363635,0.0,0.06956521739130435,0.2727272727272727,0.021505376344086023,0.9719626168224299
dinov2_s,metal_nut,176,4,0.4,0.13636363636363635,0.0,0.09565217391304348,0.4090909090909091,0.021505376344086023,0.9711538461538461
dinov2_s,metal_nut,176,4,0.45,0.13636363636363635,0.0,0.11304347826086956,0.5,0.021505376344086023,0.9705882352941176
dinov2_s,metal_nut,176,4,0.5,0.13636363636363635,0.0,0.11304347826086956,0.5,0.021505376344086023,0.9705882352941176
dinov2_s,metal_nut,176,4,0.55,0.13636363636363635,0.0,0.12173913043478261,0.5454545454545454,0.021505376344086023,0.9702970297029703
dinov2_s,metal_nut,176,4,0.6,0.13636363636363635,0.0,0.1391304347826087,0.6363636363636364,0.021505376344086023,0.9696969696969697
dinov2_s,screw,256,0,0.05,0.024390243902439025,0.5378151260504201,0.0,0.0,0.0,0.59375
dinov2_s,screw,256,0,0.1,0.024390243902439025,0.40336134453781514,0.1125,0.04878048780487805,0.13445378151260504,0.6549295774647887
dinov2_s,screw,256,0,0.15,0.024390243902439025,0.3025210084033613,0.2,0.0975609756097561,0.23529411764705882,0.7109375
dinov2_s,screw,256,0,0.2,0.024390243902439025,0.2184873949579832,0.2875,0.1951219512195122,0.31932773109243695,0.7631578947368421
dinov2_s,screw,256,0,0.25,0.024390243902439025,0.12605042016806722,0.36875,0.24390243902439024,0.4117647058823529,0.8415841584158416
dinov2_s,screw,256,0,0.3,0.024390243902439025,0.1092436974789916,0.39375,0.2926829268292683,0.42857142857142855,0.8556701030927835
dinov2_s,screw,256,0,0.35,0.024390243902439025,0.06722689075630252,0.4375,0.34146341463414637,0.47058823529411764,0.9
dinov2_s,screw,256,0,0.4,0.024390243902439025,0.03361344537815126,0.5,0.4878048780487805,0.5042016806722689,0.9375
dinov2_s,screw,256,0,0.45,0.024390243902439025,0.03361344537815126,0.50625,0.5121951219512195,0.5042016806722689,0.9367088607594937
dinov2_s,screw,256,0,0.5,0.024390243902439025,0.03361344537815126,0.55,0.6829268292682927,0.5042016806722689,0.9305555555555556
dinov2_s,screw,256,0,0.55,0.024390243902439025,0.025210084033613446,0.5625,0.7073170731707317,0.5126050420168067,0.9428571428571428
dinov2_s,screw,256,0,0.6,0.024390243902439025,0.025210084033613446,0.56875,0.7317073170731707,0.5126050420168067,0.9420289855072463
dinov2_s,screw,256,1,0.05,0.07317073170731707,0.44537815126050423,0.0,0.0,0.0,0.65
dinov2_s,screw,256,1,0.1,0.07317073170731707,0.226890756302521,0.175,0.04878048780487805,0.2184873949579832,0.7727272727272727
dinov2_s,screw,256,1,0.15,0.07317073170731707,0.15966386554621848,0.25,0.14634146341463414,0.2857142857142857,0.8166666666666667
dinov2_s,screw,256,1,0.2,0.07317073170731707,0.13445378151260504,0.28125,0.1951219512195122,0.31092436974789917,0.8347826086956521
dinov2_s,screw,256,1,0.25,0.07317073170731707,0.08403361344537816,0.35,0.3170731707317073,0.36134453781512604,0.875
dinov2_s,screw,256,1,0.3,0.07317073170731707,0.06722689075630252,0.3625,0.3170731707317073,0.37815126050420167,0.8921568627450981
dinov2_s,screw,256,1,0.35,0.07317073170731707,0.05042016806722689,0.4,0.4146341463414634,0.3949579831932773,0.90625
dinov2_s,screw,256,1,0.4,0.07317073170731707,0.04201680672268908,0.40625,0.4146341463414634,0.40336134453781514,0.9157894736842105
dinov2_s,screw,256,1,0.45,0.07317073170731707,0.025210084033613446,0.475,0.6341463414634146,0.42016806722689076,0.9285714285714286
dinov2_s,screw,256,1,0.5,0.07317073170731707,0.025210084033613446,0.4875,0.6829268292682927,0.42016806722689076,0.926829268292683
dinov2_s,screw,256,1,0.55,0.07317073170731707,0.025210084033613446,0.5,0.7317073170731707,0.42016806722689076,0.925
dinov2_s,screw,256,1,0.6,0.07317073170731707,0.01680672268907563,0.51875,0.7804878048780488,0.42857142857142855,0.935064935064935
dinov2_s,screw,256,2,0.05,0.024390243902439025,0.5966386554621849,0.0,0.0,0.0,0.55
dinov2_s,screw,256,2,0.1,0.024390243902439025,0.35294117647058826,0.2,0.07317073170731707,0.24369747899159663,0.6640625
dinov2_s,screw,256,2,0.15,0.024390243902439025,0.31092436974789917,0.23125,0.07317073170731707,0.2857142857142857,0.6910569105691057
dinov2_s,screw,256,2,0.2,0.024390243902439025,0.20168067226890757,0.31875,0.0975609756097561,0.3949579831932773,0.7706422018348624
dinov2_s,screw,256,2,0.25,0.024390243902439025,0.17647058823529413,0.35625,0.17073170731707318,0.42016806722689076,0.7864077669902912
dinov2_s,screw,256,2,0.3,0.024390243902439025,0.13445378151260504,0.39375,0.1951219512195122,0.46218487394957986,0.8247422680412371
dinov2_s,screw,256,2,0.35,0.024390243902439025,0.08403361344537816,0.45625,0.2926829268292683,0.5126050420168067,0.8735632183908046
dinov2_s,screw,256,2,0.4,0.024390243902439025,0.05042016806722689,0.49375,0.34146341463414637,0.5462184873949579,0.9135802469135802
dinov2_s,screw,256,2,0.45,0.024390243902439025,0.05042016806722689,0.49375,0.34146341463414637,0.5462184873949579,0.9135802469135802
dinov2_s,screw,256,2,0.5,0.024390243902439025,0.05042016806722689,0.5125,0.4146341463414634,0.5462184873949579,0.9102564102564102
dinov2_s,screw,256,2,0.55,0.024390243902439025,0.03361344537815126,0.575,0.6097560975609756,0.5630252100840336,0.9264705882352942
dinov2_s,screw,256,2,0.6,0.024390243902439025,0.025210084033613446,0.6,0.6829268292682927,0.5714285714285714,0.9375
dinov2_s,screw,256,3,0.05,0.07317073170731707,0.42857142857142855,0.0,0.0,0.0,0.6625
dinov2_s,screw,256,3,0.1,0.07317073170731707,0.36134453781512604,0.05625,0.024390243902439025,0.06722689075630252,0.695364238410596
dinov2_s,screw,256,3,0.15,0.07317073170731707,0.226890756302521,0.1625,0.04878048780487805,0.20168067226890757,0.7761194029850746
dinov2_s,screw,256,3,0.2,0.07317073170731707,0.1092436974789916,0.29375,0.21951219512195122,0.31932773109243695,0.8584070796460177
dinov2_s,screw,256,3,0.25,0.07317073170731707,0.09243697478991597,0.34375,0.36585365853658536,0.33613445378151263,0.8666666666666667
dinov2_s,screw,256,3,0.3,0.07317073170731707,0.06722689075630252,0.3625,0.36585365853658536,0.36134453781512604,0.8921568627450981
dinov2_s,screw,256,3,0.35,0.07317073170731707,0.05042016806722689,0.3875,0.4146341463414634,0.37815126050420167,0.9081632653061225
dinov2_s,screw,256,3,0.4,0.07317073170731707,0.04201680672268908,0.425,0.5365853658536586,0.3865546218487395,0.9130434782608695
dinov2_s,screw,256,3,0.45,0.07317073170731707,0.03361344537815126,0.46875,0.6829268292682927,0.3949579831932773,0.9176470588235294
dinov2_s,screw,256,3,0.5,0.07317073170731707,0.03361344537815126,0.46875,0.6829268292682927,0.3949579831932773,0.9176470588235294
dinov2_s,screw,256,3,0.55,0.07317073170731707,0.01680672268907563,0.49375,0.7317073170731707,0.4117647058823529,0.9382716049382716
dinov2_s,screw,256,3,0.6,0.07317073170731707,0.01680672268907563,0.5,0.7560975609756098,0.4117647058823529,0.9375
dinov2_s,screw,256,4,0.05,0.0,0.5378151260504201,0.0,0.0,0.0,0.6
dinov2_s,screw,256,4,0.1,0.0,0.4117647058823529,0.1125,0.07317073170731707,0.12605042016806722,0.6549295774647887
dinov2_s,screw,256,4,0.15,0.0,0.40336134453781514,0.125,0.0975609756097561,0.13445378151260504,0.6571428571428571
dinov2_s,screw,256,4,0.2,0.0,0.31092436974789917,0.20625,0.14634146341463414,0.226890756302521,0.7086614173228346
dinov2_s,screw,256,4,0.25,0.0,0.20168067226890757,0.3125,0.24390243902439024,0.33613445378151263,0.7818181818181819
dinov2_s,screw,256,4,0.3,0.0,0.10084033613445378,0.40625,0.3170731707317073,0.4369747899159664,0.8736842105263158
dinov2_s,screw,256,4,0.35,0.0,0.058823529411764705,0.44375,0.34146341463414637,0.4789915966386555,0.9213483146067416
dinov2_s,screw,256,4,0.4,0.0,0.05042016806722689,0.46875,0.4146341463414634,0.48739495798319327,0.9294117647058824
dinov2_s,screw,256,4,0.45,0.0,0.04201680672268908,0.50625,0.5365853658536586,0.4957983193277311,0.9367088607594937
dinov2_s,screw,256,4,0.5,0.0,0.03361344537815126,0.51875,0.5609756097560976,0.5042016806722689,0.948051948051948
dinov2_s,screw,256,4,0.55,0.0,0.025210084033613446,0.53125,0.5853658536585366,0.5126050420168067,0.96
dinov2_s,screw,256,4,0.6,0.0,0.025210084033613446,0.5375,0.6097560975609756,0.5126050420168067,0.9594594594594594
dinov2_s,screw_s448,256,0,0.05,0.0,0.23529411764705882,0.0,0.0,0.0,0.825
dinov2_s,screw_s448,256,0,0.1,0.0,0.16806722689075632,0.05625,0.024390243902439025,0.06722689075630252,0.8675496688741722
dinov2_s,screw_s448,256,0,0.15,0.0,0.12605042016806722,0.09375,0.04878048780487805,0.1092436974789916,0.896551724137931
dinov2_s,screw_s448,256,0,0.2,0.0,0.10084033613445378,0.125,0.0975609756097561,0.13445378151260504,0.9142857142857143
dinov2_s,screw_s448,256,0,0.25,0.0,0.04201680672268908,0.18125,0.14634146341463414,0.19327731092436976,0.9618320610687023
dinov2_s,screw_s448,256,0,0.3,0.0,0.04201680672268908,0.18125,0.14634146341463414,0.19327731092436976,0.9618320610687023
dinov2_s,screw_s448,256,0,0.35,0.0,0.025210084033613446,0.2,0.17073170731707318,0.21008403361344538,0.9765625
dinov2_s,screw_s448,256,0,0.4,0.0,0.008403361344537815,0.25625,0.34146341463414637,0.226890756302521,0.9915966386554622
dinov2_s,screw_s448,256,0,0.45,0.0,0.008403361344537815,0.26875,0.3902439024390244,0.226890756302521,0.9914529914529915
dinov2_s,screw_s448,256,0,0.5,0.0,0.008403361344537815,0.275,0.4146341463414634,0.226890756302521,0.9913793103448276
dinov2_s,screw_s448,256,0,0.55,0.0,0.008403361344537815,0.3,0.5121951219512195,0.226890756302521,0.9910714285714286
dinov2_s,screw_s448,256,0,0.6,0.0,0.0,0.34375,0.6585365853658537,0.23529411764705882,1.0
dinov2_s,screw_s448,256,1,0.05,0.0,0.23529411764705882,0.0,0.0,0.0,0.825
dinov2_s,screw_s448,256,1,0.1,0.0,0.16806722689075632,0.05,0.0,0.06722689075630252,0.868421052631579
dinov2_s,screw_s448,256,1,0.15,0.0,0.06722689075630252,0.15625,0.12195121951219512,0.16806722689075632,0.9407407407407408
dinov2_s,screw_s448,256,1,0.2,0.0,0.04201680672268908,0.1875,0.17073170731707318,0.19327731092436976,0.9615384615384616
dinov2_s,screw_s448,256,1,0.25,0.0,0.01680672268907563,0.225,0.24390243902439024,0.2184873949579832,0.9838709677419355
dinov2_s,screw_s448,256,1,0.3,0.0,0.01680672268907563,0.2375,0.2926829268292683,0.2184873949579832,0.9836065573770492
dinov2_s,screw_s448,256,1,0.35,0.0,0.0,0.28125,0.4146341463414634,0.23529411764705882,1.0
dinov2_s,screw_s448,256,1,0.4,0.0,0.0,0.29375,0.4634146341463415,0.23529411764705882,1.0
dinov2_s,screw_s448,256,1,0.45,0.0,0.0,0.30625,0.5121951219512195,0.23529411764705882,1.0
dinov2_s,screw_s448,256,1,0.5,0.0,0.0,0.325,0.5853658536585366,0.23529411764705882,1.0
dinov2_s,screw_s448,256,1,0.55,0.0,0.0,0.33125,0.6097560975609756,0.23529411764705882,1.0
dinov2_s,screw_s448,256,1,0.6,0.0,0.0,0.34375,0.6585365853658537,0.23529411764705882,1.0
dinov2_s,screw_s448,256,2,0.05,0.0,0.23529411764705882,0.0,0.0,0.0,0.825
dinov2_s,screw_s448,256,2,0.1,0.0,0.15966386554621848,0.05625,0.0,0.07563025210084033,0.8741721854304636
dinov2_s,screw_s448,256,2,0.15,0.0,0.10084033613445378,0.10625,0.024390243902439025,0.13445378151260504,0.916083916083916
dinov2_s,screw_s448,256,2,0.2,0.0,0.03361344537815126,0.2,0.1951219512195122,0.20168067226890757,0.96875
dinov2_s,screw_s448,256,2,0.25,0.0,0.025210084033613446,0.225,0.2682926829268293,0.21008403361344538,0.9758064516129032
dinov2_s,screw_s448,256,2,0.3,0.0,0.025210084033613446,0.225,0.2682926829268293,0.21008403361344538,0.9758064516129032
dinov2_s,screw_s448,256,2,0.35,0.0,0.008403361344537815,0.25,0.3170731707317073,0.226890756302521,0.9916666666666667
dinov2_s,screw_s448,256,2,0.4,0.0,0.008403361344537815,0.25625,0.34146341463414637,0.226890756302521,0.9915966386554622
dinov2_s,screw_s448,256,2,0.45,0.0,0.008403361344537815,0.28125,0.43902439024390244,0.226890756302521,0.991304347826087
dinov2_s,screw_s448,256,2,0.5,0.0,0.0,0.325,0.5853658536585366,0.23529411764705882,1.0
dinov2_s,screw_s448,256,2,0.55,0.0,0.0,0.35,0.6829268292682927,0.23529411764705882,1.0
dinov2_s,screw_s448,256,2,0.6,0.0,0.0,0.35625,0.7073170731707317,0.23529411764705882,1.0
dinov2_s,screw_s448,256,3,0.05,0.024390243902439025,0.2184873949579832,0.0,0.0,0.0,0.83125
dinov2_s,screw_s448,256,3,0.1,0.024390243902439025,0.17647058823529413,0.03125,0.0,0.04201680672268908,0.8580645161290322
dinov2_s,screw_s448,256,3,0.15,0.024390243902439025,0.07563025210084033,0.125,0.07317073170731707,0.14285714285714285,0.9285714285714286
dinov2_s,screw_s448,256,3,0.2,0.024390243902439025,0.04201680672268908,0.16875,0.14634146341463414,0.17647058823529413,0.9548872180451128
dinov2_s,screw_s448,256,3,0.25,0.024390243902439025,0.03361344537815126,0.175,0.14634146341463414,0.18487394957983194,0.9621212121212122
dinov2_s,screw_s448,256,3,0.3,0.024390243902439025,0.01680672268907563,0.2,0.1951219512195122,0.20168067226890757,0.9765625
dinov2_s,screw_s448,256,3,0.35,0.024390243902439025,0.008403361344537815,0.225,0.2682926829268293,0.21008403361344538,0.9838709677419355
dinov2_s,screw_s448,256,3,0.4,0.024390243902439025,0.008403361344537815,0.225,0.2682926829268293,0.21008403361344538,0.9838709677419355
dinov2_s,screw_s448,256,3,0.45,0.024390243902439025,0.008403361344537815,0.2625,0.4146341463414634,0.21008403361344538,0.9830508474576272
dinov2_s,screw_s448,256,3,0.5,0.024390243902439025,0.0,0.30625,0.5609756097560976,0.2184873949579832,0.990990990990991
dinov2_s,screw_s448,256,3,0.55,0.024390243902439025,0.0,0.31875,0.6097560975609756,0.2184873949579832,0.9908256880733946
dinov2_s,screw_s448,256,3,0.6,0.024390243902439025,0.0,0.34375,0.7073170731707317,0.2184873949579832,0.9904761904761905
dinov2_s,screw_s448,256,4,0.05,0.0,0.13445378151260504,0.0,0.0,0.0,0.9
dinov2_s,screw_s448,256,4,0.1,0.0,0.07563025210084033,0.0625,0.07317073170731707,0.058823529411764705,0.94
dinov2_s,screw_s448,256,4,0.15,0.0,0.04201680672268908,0.10625,0.14634146341463414,0.09243697478991597,0.965034965034965
dinov2_s,screw_s448,256,4,0.2,0.0,0.025210084033613446,0.14375,0.24390243902439024,0.1092436974789916,0.9781021897810219
dinov2_s,screw_s448,256,4,0.25,0.0,0.025210084033613446,0.15625,0.2926829268292683,0.1092436974789916,0.9777777777777777
dinov2_s,screw_s448,256,4,0.3,0.0,0.01680672268907563,0.18125,0.36585365853658536,0.11764705882352941,0.9847328244274809
dinov2_s,screw_s448,256,4,0.35,0.0,0.01680672268907563,0.19375,0.4146341463414634,0.11764705882352941,0.9844961240310077
dinov2_s,screw_s448,256,4,0.4,0.0,0.008403361344537815,0.20625,0.43902439024390244,0.12605042016806722,0.9921259842519685
dinov2_s,screw_s448,256,4,0.45,0.0,0.0,0.21875,0.4634146341463415,0.13445378151260504,1.0
dinov2_s,screw_s448,256,4,0.5,0.0,0.0,0.2375,0.5365853658536586,0.13445378151260504,1.0
dinov2_s,screw_s448,256,4,0.55,0.0,0.0,0.25625,0.6097560975609756,0.13445378151260504,1.0
dinov2_s,screw_s448,256,4,0.6,0.0,0.0,0.28125,0.7073170731707317,0.13445378151260504,1.0
wrn50,bottle,167,0,0.05,0.05,0.0,0.0,0.0,0.0,0.9879518072289156
wrn50,bottle,167,0,0.1,0.05,0.0,0.0,0.0,0.0,0.9879518072289156
wrn50,bottle,167,0,0.15,0.05,0.0,0.012048192771084338,0.05,0.0,0.9878048780487805
wrn50,bottle,167,0,0.2,0.05,0.0,0.03614457831325301,0.15,0.0,0.9875
wrn50,bottle,167,0,0.25,0.05,0.0,0.03614457831325301,0.15,0.0,0.9875
wrn50,bottle,167,0,0.3,0.05,0.0,0.060240963855421686,0.25,0.0,0.9871794871794872
wrn50,bottle,167,0,0.35,0.05,0.0,0.0963855421686747,0.4,0.0,0.9866666666666667
wrn50,bottle,167,0,0.4,0.05,0.0,0.14457831325301204,0.6,0.0,0.9859154929577465
wrn50,bottle,167,0,0.45,0.05,0.0,0.14457831325301204,0.6,0.0,0.9859154929577465
wrn50,bottle,167,0,0.5,0.05,0.0,0.14457831325301204,0.6,0.0,0.9859154929577465
wrn50,bottle,167,0,0.55,0.05,0.0,0.1686746987951807,0.7,0.0,0.9855072463768116
wrn50,bottle,167,0,0.6,0.05,0.0,0.1686746987951807,0.7,0.0,0.9855072463768116
wrn50,bottle,167,1,0.05,0.05,0.0,0.0,0.0,0.0,0.9879518072289156
wrn50,bottle,167,1,0.1,0.05,0.0,0.024096385542168676,0.1,0.0,0.9876543209876543
wrn50,bottle,167,1,0.15,0.05,0.0,0.024096385542168676,0.1,0.0,0.9876543209876543
wrn50,bottle,167,1,0.2,0.05,0.0,0.03614457831325301,0.15,0.0,0.9875
wrn50,bottle,167,1,0.25,0.05,0.0,0.03614457831325301,0.15,0.0,0.9875
wrn50,bottle,167,1,0.3,0.05,0.0,0.04819277108433735,0.2,0.0,0.9873417721518988
wrn50,bottle,167,1,0.35,0.05,0.0,0.08433734939759036,0.35,0.0,0.9868421052631579
wrn50,bottle,167,1,0.4,0.05,0.0,0.08433734939759036,0.35,0.0,0.9868421052631579
wrn50,bottle,167,1,0.45,0.05,0.0,0.10843373493975904,0.45,0.0,0.9864864864864865
wrn50,bottle,167,1,0.5,0.05,0.0,0.10843373493975904,0.45,0.0,0.9864864864864865
wrn50,bottle,167,1,0.55,0.05,0.0,0.12048192771084337,0.5,0.0,0.9863013698630136
wrn50,bottle,167,1,0.6,0.05,0.0,0.14457831325301204,0.6,0.0,0.9859154929577465
wrn50,bottle,167,2,0.05,0.0,0.0,0.0,0.0,0.0,1.0
wrn50,bottle,167,2,0.1,0.0,0.0,0.024096385542168676,0.1,0.0,1.0
wrn50,bottle,167,2,0.15,0.0,0.0,0.04819277108433735,0.2,0.0,1.0
wrn50,bottle,167,2,0.2,0.0,0.0,0.04819277108433735,0.2,0.0,1.0
wrn50,bottle,167,2,0.25,0.0,0.0,0.04819277108433735,0.2,0.0,1.0
wrn50,bottle,167,2,0.3,0.0,0.0,0.07228915662650602,0.3,0.0,1.0
wrn50,bottle,167,2,0.35,0.0,0.0,0.14457831325301204,0.6,0.0,1.0
wrn50,bottle,167,2,0.4,0.0,0.0,0.14457831325301204,0.6,0.0,1.0
wrn50,bottle,167,2,0.45,0.0,0.0,0.1566265060240964,0.65,0.0,1.0
wrn50,bottle,167,2,0.5,0.0,0.0,0.1686746987951807,0.7,0.0,1.0
wrn50,bottle,167,2,0.55,0.0,0.0,0.18072289156626506,0.75,0.0,1.0
wrn50,bottle,167,2,0.6,0.0,0.0,0.1927710843373494,0.8,0.0,1.0
wrn50,bottle,167,3,0.05,0.0,0.0,0.0,0.0,0.0,1.0
wrn50,bottle,167,3,0.1,0.0,0.0,0.04819277108433735,0.2,0.0,1.0
wrn50,bottle,167,3,0.15,0.0,0.0,0.04819277108433735,0.2,0.0,1.0
wrn50,bottle,167,3,0.2,0.0,0.0,0.04819277108433735,0.2,0.0,1.0
wrn50,bottle,167,3,0.25,0.0,0.0,0.060240963855421686,0.25,0.0,1.0
wrn50,bottle,167,3,0.3,0.0,0.0,0.07228915662650602,0.3,0.0,1.0
wrn50,bottle,167,3,0.35,0.0,0.0,0.07228915662650602,0.3,0.0,1.0
wrn50,bottle,167,3,0.4,0.0,0.0,0.0963855421686747,0.4,0.0,1.0
wrn50,bottle,167,3,0.45,0.0,0.0,0.0963855421686747,0.4,0.0,1.0
wrn50,bottle,167,3,0.5,0.0,0.0,0.10843373493975904,0.45,0.0,1.0
wrn50,bottle,167,3,0.55,0.0,0.0,0.13253012048192772,0.55,0.0,1.0
wrn50,bottle,167,3,0.6,0.0,0.0,0.13253012048192772,0.55,0.0,1.0
wrn50,bottle,167,4,0.05,0.05,0.0,0.0,0.0,0.0,0.9879518072289156
wrn50,bottle,167,4,0.1,0.05,0.0,0.012048192771084338,0.05,0.0,0.9878048780487805
wrn50,bottle,167,4,0.15,0.05,0.0,0.024096385542168676,0.1,0.0,0.9876543209876543
wrn50,bottle,167,4,0.2,0.05,0.0,0.04819277108433735,0.2,0.0,0.9873417721518988
wrn50,bottle,167,4,0.25,0.05,0.0,0.04819277108433735,0.2,0.0,0.9873417721518988
wrn50,bottle,167,4,0.3,0.05,0.0,0.04819277108433735,0.2,0.0,0.9873417721518988
wrn50,bottle,167,4,0.35,0.05,0.0,0.060240963855421686,0.25,0.0,0.9871794871794872
wrn50,bottle,167,4,0.4,0.05,0.0,0.060240963855421686,0.25,0.0,0.9871794871794872
wrn50,bottle,167,4,0.45,0.05,0.0,0.0963855421686747,0.4,0.0,0.9866666666666667
wrn50,bottle,167,4,0.5,0.05,0.0,0.0963855421686747,0.4,0.0,0.9866666666666667
wrn50,bottle,167,4,0.55,0.05,0.0,0.0963855421686747,0.4,0.0,0.9866666666666667
wrn50,bottle,167,4,0.6,0.05,0.0,0.0963855421686747,0.4,0.0,0.9866666666666667
wrn50,metal_nut,176,0,0.05,0.045454545454545456,0.010752688172043012,0.0,0.0,0.0,0.9826086956521739
wrn50,metal_nut,176,0,0.1,0.045454545454545456,0.0,0.017391304347826087,0.045454545454545456,0.010752688172043012,0.9911504424778761
wrn50,metal_nut,176,0,0.15,0.045454545454545456,0.0,0.043478260869565216,0.18181818181818182,0.010752688172043012,0.990909090909091
wrn50,metal_nut,176,0,0.2,0.045454545454545456,0.0,0.06086956521739131,0.2727272727272727,0.010752688172043012,0.9907407407407407
wrn50,metal_nut,176,0,0.25,0.045454545454545456,0.0,0.06086956521739131,0.2727272727272727,0.010752688172043012,0.9907407407407407
wrn50,metal_nut,176,0,0.3,0.045454545454545456,0.0,0.08695652173913043,0.4090909090909091,0.010752688172043012,0.9904761904761905
wrn50,metal_nut,176,0,0.35,0.045454545454545456,0.0,0.10434782608695652,0.5,0.010752688172043012,0.9902912621359223
wrn50,metal_nut,176,0,0.4,0.045454545454545456,0.0,0.10434782608695652,0.5,0.010752688172043012,0.9902912621359223
wrn50,metal_nut,176,0,0.45,0.045454545454545456,0.0,0.10434782608695652,0.5,0.010752688172043012,0.9902912621359223
wrn50,metal_nut,176,0,0.5,0.045454545454545456,0.0,0.1391304347826087,0.6818181818181818,0.010752688172043012,0.98989898989899
wrn50,metal_nut,176,0,0.55,0.045454545454545456,0.0,0.16521739130434782,0.8181818181818182,0.010752688172043012,0.9895833333333334
wrn50,metal_nut,176,0,0.6,0.045454545454545456,0.0,0.16521739130434782,0.8181818181818182,0.010752688172043012,0.9895833333333334
wrn50,metal_nut,176,1,0.05,0.09090909090909091,0.0,0.0,0.0,0.0,0.9826086956521739
wrn50,metal_nut,176,1,0.1,0.09090909090909091,0.0,0.0,0.0,0.0,0.9826086956521739
wrn50,metal_nut,176,1,0.15,0.09090909090909091,0.0,0.02608695652173913,0.13636363636363635,0.0,0.9821428571428571
wrn50,metal_nut,176,1,0.2,0.09090909090909091,0.0,0.034782608695652174,0.18181818181818182,0.0,0.9819819819819819
wrn50,metal_nut,176,1,0.25,0.09090909090909091,0.0,0.06956521739130435,0.36363636363636365,0.0,0.9813084112149533
wrn50,metal_nut,176,1,0.3,0.09090909090909091,0.0,0.06956521739130435,0.36363636363636365,0.0,0.9813084112149533
wrn50,metal_nut,176,1,0.35,0.09090909090909091,0.0,0.06956521739130435,0.36363636363636365,0.0,0.9813084112149533
wrn50,metal_nut,176,1,0.4,0.09090909090909091,0.0,0.0782608695652174,0.4090909090909091,0.0,0.9811320754716981
wrn50,metal_nut,176,1,0.45,0.09090909090909091,0.0,0.08695652173913043,0.45454545454545453,0.0,0.9809523809523809
wrn50,metal_nut,176,1,0.5,0.09090909090909091,0.0,0.08695652173913043,0.45454545454545453,0.0,0.9809523809523809
wrn50,metal_nut,176,1,0.55,0.09090909090909091,0.0,0.08695652173913043,0.45454545454545453,0.0,0.9809523809523809
wrn50,metal_nut,176,1,0.6,0.09090909090909091,0.0,0.09565217391304348,0.5,0.0,0.9807692307692307
wrn50,metal_nut,176,2,0.05,0.13636363636363635,0.0,0.0,0.0,0.0,0.9739130434782609
wrn50,metal_nut,176,2,0.1,0.13636363636363635,0.0,0.05217391304347826,0.2727272727272727,0.0,0.9724770642201835
wrn50,metal_nut,176,2,0.15,0.13636363636363635,0.0,0.06086956521739131,0.3181818181818182,0.0,0.9722222222222222
wrn50,metal_nut,176,2,0.2,0.13636363636363635,0.0,0.0782608695652174,0.4090909090909091,0.0,0.9716981132075472
wrn50,metal_nut,176,2,0.25,0.13636363636363635,0.0,0.08695652173913043,0.45454545454545453,0.0,0.9714285714285714
wrn50,metal_nut,176,2,0.3,0.13636363636363635,0.0,0.09565217391304348,0.5,0.0,0.9711538461538461
wrn50,metal_nut,176,2,0.35,0.13636363636363635,0.0,0.10434782608695652,0.5454545454545454,0.0,0.970873786407767
wrn50,metal_nut,176,2,0.4,0.13636363636363635,0.0,0.10434782608695652,0.5454545454545454,0.0,0.970873786407767
wrn50,metal_nut,176,2,0.45,0.13636363636363635,0.0,0.10434782608695652,0.5454545454545454,0.0,0.970873786407767
wrn50,metal_nut,176,2,0.5,0.13636363636363635,0.0,0.10434782608695652,0.5454545454545454,0.0,0.970873786407767
wrn50,metal_nut,176,2,0.55,0.13636363636363635,0.0,0.10434782608695652,0.5454545454545454,0.0,0.970873786407767
wrn50,metal_nut,176,2,0.6,0.13636363636363635,0.0,0.10434782608695652,0.5454545454545454,0.0,0.970873786407767
wrn50,metal_nut,176,3,0.05,0.09090909090909091,0.0,0.0,0.0,0.0,0.9826086956521739
wrn50,metal_nut,176,3,0.1,0.09090909090909091,0.0,0.0,0.0,0.0,0.9826086956521739
wrn50,metal_nut,176,3,0.15,0.09090909090909091,0.0,0.008695652173913044,0.045454545454545456,0.0,0.9824561403508771
wrn50,metal_nut,176,3,0.2,0.09090909090909091,0.0,0.017391304347826087,0.09090909090909091,0.0,0.9823008849557522
wrn50,metal_nut,176,3,0.25,0.09090909090909091,0.0,0.05217391304347826,0.2727272727272727,0.0,0.981651376146789
wrn50,metal_nut,176,3,0.3,0.09090909090909091,0.0,0.0782608695652174,0.4090909090909091,0.0,0.9811320754716981
wrn50,metal_nut,176,3,0.35,0.09090909090909091,0.0,0.0782608695652174,0.4090909090909091,0.0,0.9811320754716981
wrn50,metal_nut,176,3,0.4,0.09090909090909091,0.0,0.08695652173913043,0.45454545454545453,0.0,0.9809523809523809
wrn50,metal_nut,176,3,0.45,0.09090909090909091,0.0,0.08695652173913043,0.45454545454545453,0.0,0.9809523809523809
wrn50,metal_nut,176,3,0.5,0.09090909090909091,0.0,0.08695652173913043,0.45454545454545453,0.0,0.9809523809523809
wrn50,metal_nut,176,3,0.55,0.09090909090909091,0.0,0.09565217391304348,0.5,0.0,0.9807692307692307
wrn50,metal_nut,176,3,0.6,0.09090909090909091,0.0,0.09565217391304348,0.5,0.0,0.9807692307692307
wrn50,metal_nut,176,4,0.05,0.09090909090909091,0.0,0.0,0.0,0.0,0.9826086956521739
wrn50,metal_nut,176,4,0.1,0.09090909090909091,0.0,0.008695652173913044,0.045454545454545456,0.0,0.9824561403508771
wrn50,metal_nut,176,4,0.15,0.09090909090909091,0.0,0.008695652173913044,0.045454545454545456,0.0,0.9824561403508771
wrn50,metal_nut,176,4,0.2,0.09090909090909091,0.0,0.02608695652173913,0.13636363636363635,0.0,0.9821428571428571
wrn50,metal_nut,176,4,0.25,0.09090909090909091,0.0,0.02608695652173913,0.13636363636363635,0.0,0.9821428571428571
wrn50,metal_nut,176,4,0.3,0.09090909090909091,0.0,0.05217391304347826,0.2727272727272727,0.0,0.981651376146789
wrn50,metal_nut,176,4,0.35,0.09090909090909091,0.0,0.0782608695652174,0.4090909090909091,0.0,0.9811320754716981
wrn50,metal_nut,176,4,0.4,0.09090909090909091,0.0,0.09565217391304348,0.5,0.0,0.9807692307692307
wrn50,metal_nut,176,4,0.45,0.09090909090909091,0.0,0.09565217391304348,0.5,0.0,0.9807692307692307
wrn50,metal_nut,176,4,0.5,0.09090909090909091,0.0,0.10434782608695652,0.5454545454545454,0.0,0.9805825242718447
wrn50,metal_nut,176,4,0.55,0.09090909090909091,0.0,0.10434782608695652,0.5454545454545454,0.0,0.9805825242718447
wrn50,metal_nut,176,4,0.6,0.09090909090909091,0.0,0.10434782608695652,0.5454545454545454,0.0,0.9805825242718447
wrn50,screw_c25,256,0,0.05,0.12195121951219512,0.21008403361344538,0.0,0.0,0.0,0.8125
wrn50,screw_c25,256,0,0.1,0.12195121951219512,0.07563025210084033,0.13125,0.12195121951219512,0.13445378151260504,0.8992805755395683
wrn50,screw_c25,256,0,0.15,0.12195121951219512,0.06722689075630252,0.15,0.17073170731707318,0.14285714285714285,0.9044117647058824
wrn50,screw_c25,256,0,0.2,0.12195121951219512,0.025210084033613446,0.2125,0.2926829268292683,0.18487394957983194,0.9365079365079365
wrn50,screw_c25,256,0,0.25,0.12195121951219512,0.0,0.23125,0.2926829268292683,0.21008403361344538,0.959349593495935
wrn50,screw_c25,256,0,0.3,0.12195121951219512,0.0,0.23125,0.2926829268292683,0.21008403361344538,0.959349593495935
wrn50,screw_c25,256,0,0.35,0.12195121951219512,0.0,0.25,0.36585365853658536,0.21008403361344538,0.9583333333333334
wrn50,screw_c25,256,0,0.4,0.12195121951219512,0.0,0.2625,0.4146341463414634,0.21008403361344538,0.9576271186440678
wrn50,screw_c25,256,0,0.45,0.12195121951219512,0.0,0.2625,0.4146341463414634,0.21008403361344538,0.9576271186440678
wrn50,screw_c25,256,0,0.5,0.12195121951219512,0.0,0.28125,0.4878048780487805,0.21008403361344538,0.9565217391304348
wrn50,screw_c25,256,0,0.55,0.12195121951219512,0.0,0.30625,0.5853658536585366,0.21008403361344538,0.954954954954955
wrn50,screw_c25,256,0,0.6,0.12195121951219512,0.0,0.3125,0.6097560975609756,0.21008403361344538,0.9545454545454546
wrn50,screw_c25,256,1,0.05,0.024390243902439025,0.31092436974789917,0.0,0.0,0.0,0.7625
wrn50,screw_c25,256,1,0.1,0.024390243902439025,0.13445378151260504,0.16875,0.14634146341463414,0.17647058823529413,0.8721804511278195
wrn50,screw_c25,256,1,0.15,0.024390243902439025,0.04201680672268908,0.26875,0.2682926829268293,0.2689075630252101,0.9487179487179487
wrn50,screw_c25,256,1,0.2,0.024390243902439025,0.025210084033613446,0.28125,0.2682926829268293,0.2857142857142857,0.9652173913043478
wrn50,screw_c25,256,1,0.25,0.024390243902439025,0.01680672268907563,0.2875,0.2682926829268293,0.29411764705882354,0.9736842105263158
wrn50,screw_c25,256,1,0.3,0.024390243902439025,0.0,0.31875,0.34146341463414637,0.31092436974789917,0.9908256880733946
wrn50,screw_c25,256,1,0.35,0.024390243902439025,0.0,0.3375,0.4146341463414634,0.31092436974789917,0.9905660377358491
wrn50,screw_c25,256,1,0.4,0.024390243902439025,0.0,0.3625,0.5121951219512195,0.31092436974789917,0.9901960784313726
wrn50,screw_c25,256,1,0.45,0.024390243902439025,0.0,0.38125,0.5853658536585366,0.31092436974789917,0.98989898989899
wrn50,screw_c25,256,1,0.5,0.024390243902439025,0.0,0.39375,0.6341463414634146,0.31092436974789917,0.9896907216494846
wrn50,screw_c25,256,1,0.55,0.024390243902439025,0.0,0.4,0.6585365853658537,0.31092436974789917,0.9895833333333334
wrn50,screw_c25,256,1,0.6,0.024390243902439025,0.0,0.4,0.6585365853658537,0.31092436974789917,0.9895833333333334
wrn50,screw_c25,256,2,0.05,0.12195121951219512,0.13445378151260504,0.0,0.0,0.0,0.86875
wrn50,screw_c25,256,2,0.1,0.12195121951219512,0.11764705882352941,0.01875,0.024390243902439025,0.01680672268907563,0.8789808917197452
wrn50,screw_c25,256,2,0.15,0.12195121951219512,0.1092436974789916,0.0375,0.07317073170731707,0.025210084033613446,0.8831168831168831
wrn50,screw_c25,256,2,0.2,0.12195121951219512,0.06722689075630252,0.1,0.1951219512195122,0.06722689075630252,0.9097222222222222
wrn50,screw_c25,256,2,0.25,0.12195121951219512,0.01680672268907563,0.1625,0.2926829268292683,0.11764705882352941,0.9477611940298507
wrn50,screw_c25,256,2,0.3,0.12195121951219512,0.01680672268907563,0.1625,0.2926829268292683,0.11764705882352941,0.9477611940298507
wrn50,screw_c25,256,2,0.35,0.12195121951219512,0.0,0.18125,0.3170731707317073,0.13445378151260504,0.9618320610687023
wrn50,screw_c25,256,2,0.4,0.12195121951219512,0.0,0.19375,0.36585365853658536,0.13445378151260504,0.9612403100775194
wrn50,screw_c25,256,2,0.45,0.12195121951219512,0.0,0.21875,0.4634146341463415,0.13445378151260504,0.96
wrn50,screw_c25,256,2,0.5,0.12195121951219512,0.0,0.24375,0.5609756097560976,0.13445378151260504,0.9586776859504132
wrn50,screw_c25,256,2,0.55,0.12195121951219512,0.0,0.25,0.5853658536585366,0.13445378151260504,0.9583333333333334
wrn50,screw_c25,256,2,0.6,0.12195121951219512,0.0,0.29375,0.7560975609756098,0.13445378151260504,0.9557522123893806
wrn50,screw_c25,256,3,0.05,0.04878048780487805,0.25210084033613445,0.0,0.0,0.0,0.8
wrn50,screw_c25,256,3,0.1,0.04878048780487805,0.13445378151260504,0.13125,0.17073170731707318,0.11764705882352941,0.8705035971223022
wrn50,screw_c25,256,3,0.15,0.04878048780487805,0.08403361344537816,0.2,0.2926829268292683,0.16806722689075632,0.90625
wrn50,screw_c25,256,3,0.2,0.04878048780487805,0.008403361344537815,0.26875,0.34146341463414637,0.24369747899159663,0.9743589743589743
wrn50,screw_c25,256,3,0.25,0.04878048780487805,0.008403361344537815,0.28125,0.3902439024390244,0.24369747899159663,0.9739130434782609
wrn50,screw_c25,256,3,0.3,0.04878048780487805,0.0,0.3,0.43902439024390244,0.25210084033613445,0.9821428571428571
wrn50,screw_c25,256,3,0.35,0.04878048780487805,0.0,0.3,0.43902439024390244,0.25210084033613445,0.9821428571428571
wrn50,screw_c25,256,3,0.4,0.04878048780487805,0.0,0.34375,0.6097560975609756,0.25210084033613445,0.9809523809523809
wrn50,screw_c25,256,3,0.45,0.04878048780487805,0.0,0.35,0.6341463414634146,0.25210084033613445,0.9807692307692307
wrn50,screw_c25,256,3,0.5,0.04878048780487805,0.0,0.38125,0.7560975609756098,0.25210084033613445,0.9797979797979798
wrn50,screw_c25,256,3,0.55,0.04878048780487805,0.0,0.3875,0.7804878048780488,0.25210084033613445,0.9795918367346939
wrn50,screw_c25,256,3,0.6,0.04878048780487805,0.0,0.39375,0.8048780487804879,0.25210084033613445,0.979381443298969
wrn50,screw_c25,256,4,0.05,0.024390243902439025,0.3025210084033613,0.0,0.0,0.0,0.76875
wrn50,screw_c25,256,4,0.1,0.024390243902439025,0.14285714285714285,0.14375,0.0975609756097561,0.15966386554621848,0.8686131386861314
wrn50,screw_c25,256,4,0.15,0.024390243902439025,0.06722689075630252,0.23125,0.21951219512195122,0.23529411764705882,0.926829268292683
wrn50,screw_c25,256,4,0.2,0.024390243902439025,0.01680672268907563,0.29375,0.3170731707317073,0.2857142857142857,0.9734513274336283
wrn50,screw_c25,256,4,0.25,0.024390243902439025,0.0,0.3125,0.34146341463414637,0.3025210084033613,0.990909090909091
wrn50,screw_c25,256,4,0.3,0.024390243902439025,0.0,0.325,0.3902439024390244,0.3025210084033613,0.9907407407407407
wrn50,screw_c25,256,4,0.35,0.024390243902439025,0.0,0.33125,0.4146341463414634,0.3025210084033613,0.9906542056074766
wrn50,screw_c25,256,4,0.4,0.024390243902439025,0.0,0.3375,0.43902439024390244,0.3025210084033613,0.9905660377358491
wrn50,screw_c25,256,4,0.45,0.024390243902439025,0.0,0.35625,0.5121951219512195,0.3025210084033613,0.9902912621359223
wrn50,screw_c25,256,4,0.5,0.024390243902439025,0.0,0.38125,0.6097560975609756,0.3025210084033613,0.98989898989899
wrn50,screw_c25,256,4,0.55,0.024390243902439025,0.0,0.39375,0.6585365853658537,0.3025210084033613,0.9896907216494846
wrn50,screw_c25,256,4,0.6,0.024390243902439025,0.0,0.39375,0.6585365853658537,0.3025210084033613,0.9896907216494846
wrn50,screw,256,0,0.05,0.07317073170731707,0.226890756302521,0.0,0.0,0.0,0.8125
wrn50,screw,256,0,0.1,0.07317073170731707,0.15966386554621848,0.075,0.0975609756097561,0.06722689075630252,0.8513513513513513
wrn50,screw,256,0,0.15,0.07317073170731707,0.13445378151260504,0.125,0.21951219512195122,0.09243697478991597,0.8642857142857143
wrn50,screw,256,0,0.2,0.07317073170731707,0.058823529411764705,0.2,0.2926829268292683,0.16806722689075632,0.921875
wrn50,screw,256,0,0.25,0.07317073170731707,0.04201680672268908,0.21875,0.3170731707317073,0.18487394957983194,0.936
wrn50,screw,256,0,0.3,0.07317073170731707,0.04201680672268908,0.225,0.34146341463414637,0.18487394957983194,0.9354838709677419
wrn50,screw,256,0,0.35,0.07317073170731707,0.0,0.26875,0.3902439024390244,0.226890756302521,0.9743589743589743
wrn50,screw,256,0,0.4,0.07317073170731707,0.0,0.28125,0.43902439024390244,0.226890756302521,0.9739130434782609
wrn50,screw,256,0,0.45,0.07317073170731707,0.0,0.2875,0.4634146341463415,0.226890756302521,0.9736842105263158
wrn50,screw,256,0,0.5,0.07317073170731707,0.0,0.3,0.5121951219512195,0.226890756302521,0.9732142857142857
wrn50,screw,256,0,0.55,0.07317073170731707,0.0,0.35625,0.7317073170731707,0.226890756302521,0.970873786407767
wrn50,screw,256,0,0.6,0.07317073170731707,0.0,0.35625,0.7317073170731707,0.226890756302521,0.970873786407767
wrn50,screw,256,1,0.05,0.07317073170731707,0.21008403361344538,0.0,0.0,0.0,0.825
wrn50,screw,256,1,0.1,0.07317073170731707,0.13445378151260504,0.0625,0.024390243902439025,0.07563025210084033,0.8733333333333333
wrn50,screw,256,1,0.15,0.07317073170731707,0.07563025210084033,0.1375,0.14634146341463414,0.13445378151260504,0.9130434782608695
wrn50,screw,256,1,0.2,0.07317073170731707,0.06722689075630252,0.1625,0.21951219512195122,0.14285714285714285,0.917910447761194
wrn50,screw,256,1,0.25,0.07317073170731707,0.025210084033613446,0.2,0.24390243902439024,0.18487394957983194,0.953125
wrn50,screw,256,1,0.3,0.07317073170731707,0.0,0.2375,0.3170731707317073,0.21008403361344538,0.9754098360655737
wrn50,screw,256,1,0.35,0.07317073170731707,0.0,0.26875,0.43902439024390244,0.21008403361344538,0.9743589743589743
wrn50,screw,256,1,0.4,0.07317073170731707,0.0,0.28125,0.4878048780487805,0.21008403361344538,0.9739130434782609
wrn50,screw,256,1,0.45,0.07317073170731707,0.0,0.28125,0.4878048780487805,0.21008403361344538,0.9739130434782609
wrn50,screw,256,1,0.5,0.07317073170731707,0.0,0.2875,0.5121951219512195,0.21008403361344538,0.9736842105263158
wrn50,screw,256,1,0.55,0.07317073170731707,0.0,0.3,0.5609756097560976,0.21008403361344538,0.9732142857142857
wrn50,screw,256,1,0.6,0.07317073170731707,0.0,0.3125,0.6097560975609756,0.21008403361344538,0.9727272727272728
wrn50,screw,256,2,0.05,0.0975609756097561,0.1092436974789916,0.0,0.0,0.0,0.89375
wrn50,screw,256,2,0.1,0.0975609756097561,0.09243697478991597,0.0125,0.0,0.01680672268907563,0.9050632911392406
wrn50,screw,256,2,0.15,0.0975609756097561,0.06722689075630252,0.05,0.07317073170731707,0.04201680672268908,0.9210526315789473
wrn50,screw,256,2,0.2,0.0975609756097561,0.03361344537815126,0.10625,0.1951219512195122,0.07563025210084033,0.9440559440559441
wrn50,screw,256,2,0.25,0.0975609756097561,0.01680672268907563,0.13125,0.24390243902439024,0.09243697478991597,0.9568345323741008
wrn50,screw,256,2,0.3,0.0975609756097561,0.01680672268907563,0.13125,0.24390243902439024,0.09243697478991597,0.9568345323741008
wrn50,screw,256,2,0.35,0.0975609756097561,0.008403361344537815,0.1375,0.24390243902439024,0.10084033613445378,0.9637681159420289
wrn50,screw,256,2,0.4,0.0975609756097561,0.0,0.1875,0.4146341463414634,0.1092436974789916,0.9692307692307692
wrn50,screw,256,2,0.45,0.0975609756097561,0.0,0.2,0.4634146341463415,0.1092436974789916,0.96875
wrn50,screw,256,2,0.5,0.0975609756097561,0.0,0.20625,0.4878048780487805,0.1092436974789916,0.968503937007874
wrn50,screw,256,2,0.55,0.0975609756097561,0.0,0.23125,0.5853658536585366,0.1092436974789916,0.967479674796748
wrn50,screw,256,2,0.6,0.0975609756097561,0.0,0.2625,0.7073170731707317,0.1092436974789916,0.9661016949152542
wrn50,screw,256,3,0.05,0.024390243902439025,0.226890756302521,0.0,0.0,0.0,0.825
wrn50,screw,256,3,0.1,0.024390243902439025,0.08403361344537816,0.16875,0.24390243902439024,0.14285714285714285,0.9172932330827067
wrn50,screw,256,3,0.15,0.024390243902439025,0.025210084033613446,0.2375,0.34146341463414637,0.20168067226890757,0.9672131147540983
wrn50,screw,256,3,0.2,0.024390243902439025,0.0,0.28125,0.43902439024390244,0.226890756302521,0.991304347826087
wrn50,screw,256,3,0.25,0.024390243902439025,0.0,0.29375,0.4878048780487805,0.226890756302521,0.9911504424778761
wrn50,screw,256,3,0.3,0.024390243902439025,0.0,0.30625,0.5365853658536586,0.226890756302521,0.990990990990991
wrn50,screw,256,3,0.35,0.024390243902439025,0.0,0.30625,0.5365853658536586,0.226890756302521,0.990990990990991
wrn50,screw,256,3,0.4,0.024390243902439025,0.0,0.3375,0.6585365853658537,0.226890756302521,0.9905660377358491
wrn50,screw,256,3,0.45,0.024390243902439025,0.0,0.34375,0.6829268292682927,0.226890756302521,0.9904761904761905
wrn50,screw,256,3,0.5,0.024390243902439025,0.0,0.35,0.7073170731707317,0.226890756302521,0.9903846153846154
wrn50,screw,256,3,0.55,0.024390243902439025,0.0,0.35,0.7073170731707317,0.226890756302521,0.9903846153846154
wrn50,screw,256,3,0.6,0.024390243902439025,0.0,0.375,0.8048780487804879,0.226890756302521,0.99
wrn50,screw,256,4,0.05,0.024390243902439025,0.3697478991596639,0.0,0.0,0.0,0.71875
wrn50,screw,256,4,0.1,0.024390243902439025,0.14285714285714285,0.19375,0.0975609756097561,0.226890756302521,0.8604651162790697
wrn50,screw,256,4,0.15,0.024390243902439025,0.1092436974789916,0.23125,0.14634146341463414,0.2605042016806723,0.8861788617886179
wrn50,screw,256,4,0.2,0.024390243902439025,0.025210084033613446,0.31875,0.24390243902439024,0.3445378151260504,0.963302752293578
wrn50,screw,256,4,0.25,0.024390243902439025,0.025210084033613446,0.3375,0.3170731707317073,0.3445378151260504,0.9622641509433962
wrn50,screw,256,4,0.3,0.024390243902439025,0.01680672268907563,0.34375,0.3170731707317073,0.35294117647058826,0.9714285714285714
wrn50,screw,256,4,0.35,0.024390243902439025,0.01680672268907563,0.34375,0.3170731707317073,0.35294117647058826,0.9714285714285714
wrn50,screw,256,4,0.4,0.024390243902439025,0.0,0.40625,0.5121951219512195,0.3697478991596639,0.9894736842105263
wrn50,screw,256,4,0.45,0.024390243902439025,0.0,0.425,0.5853658536585366,0.3697478991596639,0.9891304347826086
wrn50,screw,256,4,0.5,0.024390243902439025,0.0,0.4375,0.6341463414634146,0.3697478991596639,0.9888888888888889
wrn50,screw,256,4,0.55,0.024390243902439025,0.0,0.45,0.6829268292682927,0.3697478991596639,0.9886363636363636
wrn50,screw,256,4,0.6,0.024390243902439025,0.0,0.475,0.7804878048780488,0.3697478991596639,0.9880952380952381
wrn50,screw_s320,256,0,0.05,0.0975609756097561,0.03361344537815126,0.0,0.0,0.0,0.95
wrn50,screw_s320,256,0,0.1,0.0975609756097561,0.025210084033613446,0.025,0.07317073170731707,0.008403361344537815,0.9551282051282052
wrn50,screw_s320,256,0,0.15,0.0975609756097561,0.008403361344537815,0.0625,0.17073170731707318,0.025210084033613446,0.9666666666666667
wrn50,screw_s320,256,0,0.2,0.0975609756097561,0.008403361344537815,0.075,0.21951219512195122,0.025210084033613446,0.9662162162162162
wrn50,screw_s320,256,0,0.25,0.0975609756097561,0.008403361344537815,0.08125,0.24390243902439024,0.025210084033613446,0.9659863945578231
wrn50,screw_s320,256,0,0.3,0.0975609756097561,0.008403361344537815,0.08125,0.24390243902439024,0.025210084033613446,0.9659863945578231
wrn50,screw_s320,256,0,0.35,0.0975609756097561,0.008403361344537815,0.0875,0.2682926829268293,0.025210084033613446,0.9657534246575342
wrn50,screw_s320,256,0,0.4,0.0975609756097561,0.008403361344537815,0.10625,0.34146341463414637,0.025210084033613446,0.965034965034965
wrn50,screw_s320,256,0,0.45,0.0975609756097561,0.0,0.1375,0.43902439024390244,0.03361344537815126,0.9710144927536232
wrn50,screw_s320,256,0,0.5,0.0975609756097561,0.0,0.14375,0.4634146341463415,0.03361344537815126,0.9708029197080292
wrn50,screw_s320,256,0,0.55,0.0975609756097561,0.0,0.1625,0.5365853658536586,0.03361344537815126,0.9701492537313433
wrn50,screw_s320,256,0,0.6,0.0975609756097561,0.0,0.16875,0.5609756097560976,0.03361344537815126,0.9699248120300752
wrn50,screw_s320,256,1,0.05,0.04878048780487805,0.058823529411764705,0.0,0.0,0.0,0.94375
wrn50,screw_s320,256,1,0.1,0.04878048780487805,0.04201680672268908,0.03125,0.07317073170731707,0.01680672268907563,0.9548387096774194
wrn50,screw_s320,256,1,0.15,0.04878048780487805,0.01680672268907563,0.05625,0.0975609756097561,0.04201680672268908,0.9735099337748344
wrn50,screw_s320,256,1,0.2,0.04878048780487805,0.008403361344537815,0.075,0.14634146341463414,0.05042016806722689,0.9797297297297297
wrn50,screw_s320,256,1,0.25,0.04878048780487805,0.0,0.08125,0.14634146341463414,0.058823529411764705,0.9863945578231292
wrn50,screw_s320,256,1,0.3,0.04878048780487805,0.0,0.125,0.3170731707317073,0.058823529411764705,0.9857142857142858
wrn50,screw_s320,256,1,0.35,0.04878048780487805,0.0,0.125,0.3170731707317073,0.058823529411764705,0.9857142857142858
wrn50,screw_s320,256,1,0.4,0.04878048780487805,0.0,0.1375,0.36585365853658536,0.058823529411764705,0.9855072463768116
wrn50,screw_s320,256,1,0.45,0.04878048780487805,0.0,0.1625,0.4634146341463415,0.058823529411764705,0.9850746268656716
wrn50,screw_s320,256,1,0.5,0.04878048780487805,0.0,0.18125,0.5365853658536586,0.058823529411764705,0.9847328244274809
wrn50,screw_s320,256,1,0.55,0.04878048780487805,0.0,0.2,0.6097560975609756,0.058823529411764705,0.984375
wrn50,screw_s320,256,1,0.6,0.04878048780487805,0.0,0.2,0.6097560975609756,0.058823529411764705,0.984375
wrn50,screw_s320,256,2,0.05,0.04878048780487805,0.058823529411764705,0.0,0.0,0.0,0.94375
wrn50,screw_s320,256,2,0.1,0.04878048780487805,0.01680672268907563,0.0625,0.12195121951219512,0.04201680672268908,0.9733333333333334
wrn50,screw_s320,256,2,0.15,0.04878048780487805,0.01680672268907563,0.0625,0.12195121951219512,0.04201680672268908,0.9733333333333334
wrn50,screw_s320,256,2,0.2,0.04878048780487805,0.008403361344537815,0.06875,0.12195121951219512,0.05042016806722689,0.9798657718120806
wrn50,screw_s320,256,2,0.25,0.04878048780487805,0.008403361344537815,0.08125,0.17073170731707318,0.05042016806722689,0.9795918367346939
wrn50,screw_s320,256,2,0.3,0.04878048780487805,0.008403361344537815,0.0875,0.1951219512195122,0.05042016806722689,0.9794520547945206
wrn50,screw_s320,256,2,0.35,0.04878048780487805,0.0,0.15,0.4146341463414634,0.058823529411764705,0.9852941176470589
wrn50,screw_s320,256,2,0.4,0.04878048780487805,0.0,0.1625,0.4634146341463415,0.058823529411764705,0.9850746268656716
wrn50,screw_s320,256,2,0.45,0.04878048780487805,0.0,0.19375,0.5853658536585366,0.058823529411764705,0.9844961240310077
wrn50,screw_s320,256,2,0.5,0.04878048780487805,0.0,0.2,0.6097560975609756,0.058823529411764705,0.984375
wrn50,screw_s320,256,2,0.55,0.04878048780487805,0.0,0.2125,0.6585365853658537,0.058823529411764705,0.9841269841269841
wrn50,screw_s320,256,2,0.6,0.04878048780487805,0.0,0.2375,0.7560975609756098,0.058823529411764705,0.9836065573770492
wrn50,screw_s320,256,3,0.05,0.04878048780487805,0.058823529411764705,0.0,0.0,0.0,0.94375
wrn50,screw_s320,256,3,0.1,0.04878048780487805,0.01680672268907563,0.05,0.07317073170731707,0.04201680672268908,0.9736842105263158
wrn50,screw_s320,256,3,0.15,0.04878048780487805,0.008403361344537815,0.075,0.14634146341463414,0.05042016806722689,0.9797297297297297
wrn50,screw_s320,256,3,0.2,0.04878048780487805,0.0,0.125,0.3170731707317073,0.058823529411764705,0.9857142857142858
wrn50,screw_s320,256,3,0.25,0.04878048780487805,0.0,0.1375,0.36585365853658536,0.058823529411764705,0.9855072463768116
wrn50,screw_s320,256,3,0.3,0.04878048780487805,0.0,0.15,0.4146341463414634,0.058823529411764705,0.9852941176470589
wrn50,screw_s320,256,3,0.35,0.04878048780487805,0.0,0.15625,0.43902439024390244,0.058823529411764705,0.9851851851851852
wrn50,screw_s320,256,3,0.4,0.04878048780487805,0.0,0.175,0.5121951219512195,0.058823529411764705,0.9848484848484849
wrn50,screw_s320,256,3,0.45,0.04878048780487805,0.0,0.1875,0.5609756097560976,0.058823529411764705,0.9846153846153847
wrn50,screw_s320,256,3,0.5,0.04878048780487805,0.0,0.20625,0.6341463414634146,0.058823529411764705,0.984251968503937
wrn50,screw_s320,256,3,0.55,0.04878048780487805,0.0,0.23125,0.7317073170731707,0.058823529411764705,0.983739837398374
wrn50,screw_s320,256,3,0.6,0.04878048780487805,0.0,0.25,0.8048780487804879,0.058823529411764705,0.9833333333333333
wrn50,screw_s320,256,4,0.05,0.04878048780487805,0.13445378151260504,0.0,0.0,0.0,0.8875
wrn50,screw_s320,256,4,0.1,0.04878048780487805,0.05042016806722689,0.0625,0.0,0.08403361344537816,0.9466666666666667
wrn50,screw_s320,256,4,0.15,0.04878048780487805,0.008403361344537815,0.11875,0.0975609756097561,0.12605042016806722,0.9787234042553191
wrn50,screw_s320,256,4,0.2,0.04878048780487805,0.0,0.15,0.1951219512195122,0.13445378151260504,0.9852941176470589
wrn50,screw_s320,256,4,0.25,0.04878048780487805,0.0,0.1625,0.24390243902439024,0.13445378151260504,0.9850746268656716
wrn50,screw_s320,256,4,0.3,0.04878048780487805,0.0,0.18125,0.3170731707317073,0.13445378151260504,0.9847328244274809
wrn50,screw_s320,256,4,0.35,0.04878048780487805,0.0,0.20625,0.4146341463414634,0.13445378151260504,0.984251968503937
wrn50,screw_s320,256,4,0.4,0.04878048780487805,0.0,0.23125,0.5121951219512195,0.13445378151260504,0.983739837398374
wrn50,screw_s320,256,4,0.45,0.04878048780487805,0.0,0.23125,0.5121951219512195,0.13445378151260504,0.983739837398374
wrn50,screw_s320,256,4,0.5,0.04878048780487805,0.0,0.25,0.5853658536585366,0.13445378151260504,0.9833333333333333
wrn50,screw_s320,256,4,0.55,0.04878048780487805,0.0,0.25625,0.6097560975609756,0.13445378151260504,0.9831932773109243
wrn50,screw_s320,256,4,0.6,0.04878048780487805,0.0,0.26875,0.6585365853658537,0.13445378151260504,0.9829059829059829
