category,backbone,alpha_ok,n_seeds,false_alarm_mean,false_alarm_std,miss_mean,miss_std,unsure_mean,unsure_std
bottle,dinov2_s,0.05,5,0.08,0.027386127875258303,0.0,0.0,0.0,0.0
bottle,dinov2_s,0.1,5,0.08,0.027386127875258303,0.0,0.0,0.004819277108433735,0.006599066957893568
bottle,dinov2_s,0.15,5,0.08,0.027386127875258303,0.0,0.0,0.016867469879518072,0.006599066957893568
bottle,dinov2_s,0.2,5,0.08,0.027386127875258303,0.0,0.0,0.016867469879518072,0.006599066957893568
bottle,dinov2_s,0.25,5,0.08,0.027386127875258303,0.0,0.0,0.016867469879518072,0.006599066957893568
bottle,dinov2_s,0.3,5,0.08,0.027386127875258303,0.0,0.0,0.021686746987951807,0.015708921458319636
bottle,dinov2_s,0.35,5,0.08,0.027386127875258303,0.0,0.0,0.03614457831325301,0.035126216234007836
bottle,dinov2_s,0.4,5,0.08,0.027386127875258303,0.0,0.0,0.06746987951807229,0.044757049689172795
bottle,dinov2_s,0.45,5,0.08,0.027386127875258303,0.0,0.0,0.09397590361445783,0.02876466599111644
bottle,dinov2_s,0.5,5,0.08,0.027386127875258303,0.0,0.0,0.10843373493975902,0.030716985021643287
bottle,dinov2_s,0.55,5,0.08,0.027386127875258303,0.0,0.0,0.11325301204819276,0.03364877118980468
bottle,dinov2_s,0.6,5,0.08,0.027386127875258303,0.0,0.0,0.12289156626506023,0.02155246243373291
bottle,wrn50,0.05,5,0.030000000000000006,0.027386127875258306,0.0,0.0,0.0,0.0
bottle,wrn50,0.1,5,0.030000000000000006,0.027386127875258306,0.0,0.0,0.021686746987951807,0.017870357800230514
bottle,wrn50,0.15,5,0.030000000000000006,0.027386127875258306,0.0,0.0,0.03132530120481928,0.016164346825299686
bottle,wrn50,0.2,5,0.030000000000000006,0.027386127875258306,0.0,0.0,0.043373493975903614,0.006599066957893571
bottle,wrn50,0.25,5,0.030000000000000006,0.027386127875258306,0.0,0.0,0.045783132530120486,0.01008024128354308
bottle,wrn50,0.3,5,0.030000000000000006,0.027386127875258306,0.0,0.0,0.06024096385542168,0.012048192771084335
bottle,wrn50,0.35,5,0.030000000000000006,0.027386127875258306,0.0,0.0,0.09156626506024096,0.03255242430387059
bottle,wrn50,0.4,5,0.030000000000000006,0.027386127875258306,0.0,0.0,0.10602409638554215,0.037523883138307075
bottle,wrn50,0.45,5,0.030000000000000006,0.027386127875258306,0.0,0.0,0.12048192771084336,0.02825551662544235
bottle,wrn50,0.5,5,0.030000000000000006,0.027386127875258306,0.0,0.0,0.12530120481927712,0.030240723850629238
bottle,wrn50,0.55,5,0.030000000000000006,0.027386127875258306,0.0,0.0,0.13975903614457832,0.03471050672503116
bottle,wrn50,0.6,5,0.030000000000000006,0.027386127875258306,0.0,0.0,0.14698795180722893,0.03654397804362194
metal_nut,dinov2_s,0.05,5,0.1,0.06741998624632421,0.025806451612903226,0.012259950807517614,0.0,0.0
metal_nut,dinov2_s,0.1,5,0.1,0.06741998624632421,0.004301075268817204,0.009617496677418451,0.043478260869565216,0.029488391230979426
metal_nut,dinov2_s,0.15,5,0.1,0.06741998624632421,0.004301075268817204,0.009617496677418451,0.05565217391304348,0.031110510991301424
metal_nut,dinov2_s,0.2,5,0.1,0.06741998624632421,0.0,0.0,0.06956521739130435,0.01944406936956339
metal_nut,dinov2_s,0.25,5,0.1,0.06741998624632421,0.0,0.0,0.07652173913043478,0.022508137574860494
metal_nut,dinov2_s,0.3,5,0.1,0.06741998624632421,0.0,0.0,0.08,0.027082454786778152
metal_nut,dinov2_s,0.35,5,0.1,0.06741998624632421,0.0,0.0,0.08695652173913043,0.023814024239355046
metal_nut,dinov2_s,0.4,5,0.1,0.06741998624632421,0.0,0.0,0.0991304347826087,0.018031688133328453
metal_nut,dinov2_s,0.45,5,0.1,0.06741998624632421,0.0,0.0,0.10782608695652174,0.013187609467915739
metal_nut,dinov2_s,0.5,5,0.1,0.06741998624632421,0.0,0.0,0.11478260869565218,0.007275304578557183
metal_nut,dinov2_s,0.55,5,0.1,0.06741998624632421,0.0,0.0,0.13391304347826088,0.019051219391484034
metal_nut,dinov2_s,0.6,5,0.1,0.06741998624632421,0.0,0.0,0.14956521739130435,0.01428841454361302
metal_nut,wrn50,0.05,5,0.09090909090909091,0.03214121732666125,0.002150537634408602,0.0048087483387092254,0.0,0.0
metal_nut,wrn50,0.1,5,0.09090909090909091,0.03214121732666125,0.0,0.0,0.015652173913043476,0.021651999300849968
metal_nut,wrn50,0.15,5,0.09090909090909091,0.03214121732666125,0.0,0.0,0.029565217391304348,0.02267548662679182
metal_nut,wrn50,0.2,5,0.09090909090909091,0.03214121732666125,0.0,0.0,0.04347826086956522,0.02535196476019696
metal_nut,wrn50,0.25,5,0.09090909090909091,0.03214121732666125,0.0,0.0,0.059130434782608696,0.022508137574860494
metal_nut,wrn50,0.3,5,0.09090909090909091,0.03214121732666125,0.0,0.0,0.07652173913043478,0.016726420923192473
metal_nut,wrn50,0.35,5,0.09090909090909091,0.03214121732666125,0.0,0.0,0.08695652173913043,0.016268075594669303
metal_nut,wrn50,0.4,5,0.09090909090909091,0.03214121732666125,0.0,0.0,0.09391304347826088,0.011337743313395907
metal_nut,wrn50,0.45,5,0.09090909090909091,0.03214121732666125,0.0,0.0,0.09565217391304348,0.008695652173913045
metal_nut,wrn50,0.5,5,0.09090909090909091,0.03214121732666125,0.0,0.0,0.10434782608695652,0.021299910806810245
metal_nut,wrn50,0.55,5,0.09090909090909091,0.03214121732666125,0.0,0.0,0.11130434782608696,0.030988747271661666
metal_nut,wrn50,0.6,5,0.09090909090909091,0.03214121732666125,0.0,0.0,0.11304347826086955,0.029488391230979422
screw,dinov2_s,0.05,5,0.03902439024390243,0.03272294601219204,0.5092436974789916,0.07045806324791457,0.0,0.0
screw,dinov2_s,0.1,5,0.03902439024390243,0.03272294601219204,0.35126050420168065,0.07407361637324036,0.13125,0.05694020986965187
screw,dinov2_s,0.15,5,0.03902439024390243,0.03272294601219204,0.280672268907563,0.0921692072819917,0.19375,0.05077524002897475
screw,dinov2_s,0.2,5,0.03902439024390243,0.03272294601219204,0.1949579831932773,0.07914342640652844,0.27749999999999997,0.04229731078922157
screw,dinov2_s,0.25,5,0.03902439024390243,0.03272294601219204,0.13613445378151262,0.051596912379861345,0.34625,0.021009670392464517
screw,dinov2_s,0.3,5,0.03902439024390243,0.03272294601219204,0.0957983193277311,0.02886649418036583,0.38375,0.02005850816985152
screw,dinov2_s,0.35,5,0.03902439024390243,0.03272294601219204,0.06218487394957983,0.014061513050992867,0.425,0.02964635306407854
screw,dinov2_s,0.4,5,0.03902439024390243,0.03272294601219204,0.043697478991596636,0.007030756525496432,0.45875000000000005,0.04159890323073435
screw,dinov2_s,0.45,5,0.03902439024390243,0.03272294601219204,0.03697478991596639,0.009581306093270067,0.49000000000000005,0.01745530005471117
screw,dinov2_s,0.5,5,0.03902439024390243,0.03272294601219204,0.03529411764705882,0.009205421134540606,0.5075000000000001,0.031061934099472988
screw,dinov2_s,0.55,5,0.03902439024390243,0.03272294601219204,0.025210084033613446,0.005942073791483592,0.5325,0.036282313184249945
screw,dinov2_s,0.6,5,0.03902439024390243,0.03272294601219204,0.021848739495798318,0.004602710567270304,0.545,0.039872844769341435
screw,wrn50,0.05,5,0.058536585365853655,0.03272294601219205,0.22857142857142856,0.0928942091121713,0.0,0.0
screw,wrn50,0.1,5,0.058536585365853655,0.03272294601219205,0.12268907563025211,0.03286992809345872,0.1025,0.07611155464185448
screw,wrn50,0.15,5,0.058536585365853655,0.03272294601219205,0.08235294117647059,0.0417639450076947,0.15625,0.07880950133074056
screw,wrn50,0.2,5,0.058536585365853655,0.03272294601219205,0.03697478991596639,0.02696942274938019,0.21375000000000002,0.08653485569410745
screw,wrn50,0.25,5,0.058536585365853655,0.03272294601219205,0.021848739495798318,0.015265463970239456,0.23625,0.08093689671589838
screw,wrn50,0.3,5,0.058536585365853655,0.03272294601219205,0.015126050420168069,0.01722176599320941,0.24874999999999997,0.08189646665149845
screw,wrn50,0.35,5,0.058536585365853655,0.03272294601219205,0.005042016806722689,0.007516194882352234,0.265,0.07776165507497894
screw,wrn50,0.4,5,0.058536585365853655,0.03272294601219205,0.0,0.0,0.29874999999999996,0.08069522135789704
screw,wrn50,0.45,5,0.058536585365853655,0.03272294601219205,0.0,0.0,0.3075,0.08331510217241532
screw,wrn50,0.5,5,0.058536585365853655,0.03272294601219205,0.0,0.0,0.31625,0.0851927960569437
screw,wrn50,0.55,5,0.058536585365853655,0.03272294601219205,0.0,0.0,0.3375,0.0804042520641788
screw,wrn50,0.6,5,0.058536585365853655,0.03272294601219205,0.0,0.0,0.35625,0.07930360962780951
screw_c25,wrn50,0.05,5,0.06829268292682926,0.049985125687607795,0.24201680672268905,0.07262954768514925,0.0,0.0
screw_c25,wrn50,0.1,5,0.06829268292682926,0.049985125687607795,0.12100840336134452,0.026969422749380193,0.11875,0.057960115596848154
screw_c25,wrn50,0.15,5,0.06829268292682926,0.049985125687607795,0.07394957983193277,0.024786354964290127,0.17750000000000002,0.08955183554791046
screw_c25,wrn50,0.2,5,0.06829268292682926,0.049985125687607795,0.02857142857142857,0.022704632077489573,0.23125,0.07967217989988726
screw_c25,wrn50,0.25,5,0.06829268292682926,0.049985125687607795,0.008403361344537815,0.008403361344537816,0.255,0.059522842254045624
screw_c25,wrn50,0.3,5,0.06829268292682926,0.049985125687607795,0.003361344537815126,0.007516194882352233,0.26749999999999996,0.0695128135669964
screw_c25,wrn50,0.35,5,0.06829268292682926,0.049985125687607795,0.0,0.0,0.27999999999999997,0.06516205759489184
screw_c25,wrn50,0.4,5,0.06829268292682926,0.049985125687607795,0.0,0.0,0.3,0.07057243619147632
screw_c25,wrn50,0.45,5,0.06829268292682926,0.049985125687607795,0.0,0.0,0.31375000000000003,0.06951281356699639
screw_c25,wrn50,0.5,5,0.06829268292682926,0.049985125687607795,0.0,0.0,0.33625,0.06880679472261442
screw_c25,wrn50,0.55,5,0.06829268292682926,0.049985125687607795,0.0,0.0,0.34750000000000003,0.06652654545367587
screw_c25,wrn50,0.6,5,0.06829268292682926,0.049985125687607795,0.0,0.0,0.35875,0.051272860754984204
screw_s320,wrn50,0.05,5,0.05853658536585367,0.021815297341461367,0.06890756302521009,0.03823298543219269,0.0,0.0
screw_s320,wrn50,0.1,5,0.05853658536585367,0.021815297341461367,0.030252100840336138,0.015265463970239455,0.04625,0.017455300054711177
screw_s320,wrn50,0.15,5,0.05853658536585367,0.021815297341461367,0.011764705882352941,0.004602710567270303,0.075,0.025387620014487376
screw_s320,wrn50,0.2,5,0.05853658536585367,0.021815297341461367,0.005042016806722689,0.004602710567270303,0.09875,0.036550478793033615
screw_s320,wrn50,0.25,5,0.05853658536585367,0.021815297341461367,0.003361344537815126,0.004602710567270303,0.10875000000000001,0.0386793711169145
screw_s320,wrn50,0.3,5,0.05853658536585367,0.021815297341461367,0.003361344537815126,0.004602710567270303,0.125,0.042158554885100126
screw_s320,wrn50,0.35,5,0.05853658536585367,0.021815297341461367,0.001680672268907563,0.003758097441176117,0.145,0.04361586580591974
screw_s320,wrn50,0.4,5,0.05853658536585367,0.021815297341461367,0.001680672268907563,0.003758097441176117,0.1625,0.04656145133047294
screw_s320,wrn50,0.45,5,0.05853658536585367,0.021815297341461367,0.0,0.0,0.18250000000000002,0.0351892206506481
screw_s320,wrn50,0.5,5,0.05853658536585367,0.021815297341461367,0.0,0.0,0.19624999999999998,0.03867937111691452
screw_s320,wrn50,0.55,5,0.05853658536585367,0.021815297341461367,0.0,0.0,0.2125,0.035078038001005694
screw_s320,wrn50,0.6,5,0.05853658536585367,0.021815297341461367,0.0,0.0,0.225,0.04026280852101601
screw_s448,dinov2_s,0.05,5,0.004878048780487805,0.010907648670730682,0.21176470588235294,0.043826570791278316,0.0,0.0
screw_s448,dinov2_s,0.1,5,0.004878048780487805,0.010907648670730682,0.1495798319327731,0.041763945007694724,0.05125,0.012022115038544591
screw_s448,dinov2_s,0.15,5,0.004878048780487805,0.010907648670730682,0.08235294117647059,0.03221897397089212,0.11750000000000001,0.024366985862022413
screw_s448,dinov2_s,0.2,5,0.004878048780487805,0.010907648670730682,0.048739495798319335,0.029947108707908336,0.16499999999999998,0.0308093938596656
screw_s448,dinov2_s,0.25,5,0.004878048780487805,0.010907648670730682,0.02857142857142857,0.009581306093270068,0.1925,0.03106193409947295
screw_s448,dinov2_s,0.3,5,0.004878048780487805,0.010907648670730682,0.023529411764705882,0.010956642697819579,0.205,0.02554102092712819
screw_s448,dinov2_s,0.35,5,0.004878048780487805,0.010907648670730682,0.011764705882352941,0.009581306093270067,0.22999999999999998,0.03628231318424998
screw_s448,dinov2_s,0.4,5,0.004878048780487805,0.010907648670730682,0.006722689075630252,0.003758097441176117,0.2475,0.03354101966249685
screw_s448,dinov2_s,0.45,5,0.004878048780487805,0.010907648670730682,0.005042016806722689,0.004602710567270303,0.26749999999999996,0.0319912097301743
screw_s448,dinov2_s,0.5,5,0.004878048780487805,0.010907648670730682,0.001680672268907563,0.003758097441176117,0.29375,0.037500000000000006
screw_s448,dinov2_s,0.55,5,0.004878048780487805,0.010907648670730682,0.001680672268907563,0.003758097441176117,0.31124999999999997,0.03573994613873951
screw_s448,dinov2_s,0.6,5,0.004878048780487805,0.010907648670730682,0.0,0.0,0.33375,0.0298433409657833
